F1,id
1.0458320875113971,10501
-0.15981252591645534,10502
0.9640699304576578,10503
0.9798853875243652,10504
0.5740731865149559,10505
0.4387263621487581,10507
0.27762929722515584,10508
0.27777973086665636,10509
0.1438328400944631,10510
0.5979469627926336,10511
0.5909741573391007,10512
0.40468754878601676,10513
1.692317677381509,10514
0.7092880668446216,10515
-0.02398732692097104,10516
-0.8104462043805318,10517
0.12207535459503117,10518
0.5755620009488392,10519
0.09735739084693022,10520
-0.8534604698280428,10521
0.5718291820794856,10522
1.2109810203235214,10523
0.720460181283987,10524
1.5632487285772476,10525
0.9803483308847236,10526
1.7524790615900463,10527
-0.24514778453180802,10528
-0.06247015731809949,10529
1.2124143562128396,10530
0.25735746239098733,11301
-0.38597531442890454,11302
0.15393579403593455,11303
-0.11341545370211085,11304
0.45244741550005146,11305
1.1145832320337903,11306
0.6419957337034696,11307
1.0951821338989283,11308
0.19262411331177737,11309
0.023892162553161976,11310
1.1515691029143769,11311
-0.3944288919266659,11312
0.7399615930000201,11313
1.2340023059823915,11314
1.5727462329468849,11315
0.7476541364943832,11316
0.6705018242224867,11317
0.15905226162061725,11318
0.4820122949248084,11319
0.7332439069209504,11320
0.3836323406339931,11321
0.9931698478197402,11322
-0.49389473053534483,11323
1.0563690213748165,11324
-0.22457061204663145,11801
1.6456025377686283,11802
0.16555954122263333,11803
0.7920648445029591,11804
0.7506240971873243,11805
0.25179991328117307,11806
0.4021227512828549,11807
-0.3917003658627875,11808
-0.07177524151661409,11809
-0.07053079441187826,11810
0.3078171725435176,11811
-0.6266843741541801,11812
1.2660260667901275,11813
0.06624869819430167,11814
0.6059499271122265,11815
0.3098517479473725,11816
0.19544464329872052,11817
0.46880124080303054,11818
-0.2171642777156745,11819
0.7832458591037746,11820
1.7231549534152522,11821
0.2029871448862485,11822
0.7931649094932434,22001
0.6573060172074734,22002
-0.030633883160902153,22003
-0.35154389170551714,22004
0.9523289632526029,22005
1.3663388794240563,22006
1.1606990690552574,22007
1.1053295493146593,22008
0.4213951883434505,22009
-0.3120676344053693,22010
0.3413872061691623,22011
1.603714222078179,22012
1.0521768594806953,22013
1.3131283107179583,22014
-0.033025233164806225,22015
1.075189482732555,22016
-0.43264514168060947,22017
0.3696517267160748,22018
1.6951781049493704,22019
0.2993766696847176,22020
0.48026211856426576,22021
1.2565563385707237,22022
0.3393725851334303,22023
1.6960124297682424,22024
1.3499841736226157,22025
0.26515977792325174,22026
0.051278569469548035,22027
1.2343850248764145,22028
0.7950483825418563,22029
1.389140868613709,22030
0.5199150677493591,22031
-0.7875700702547679,22032
-0.20405136941292581,23301
0.5853153217622212,23302
0.45105810468631513,23303
-0.19009996800481613,23304
1.1418067861362513,23305
-0.18620267251201633,23306
0.14089892599767645,23307
0.4654351541271182,23308
0.5908070067533822,23309
0.18393556030294678,23310
1.2013731544133066,23311
-0.12984277037952818,23312
-0.11640819049630732,23314
0.5679868228765549,23315
-0.14417546224570107,23316
0.11632093726797707,23317
0.2761008030829832,23318
0.7152068157331569,23319
-0.1963590578686542,23320
0.2821376587836398,23321
0.8575349631473154,23322
1.671145035768482,23323
1.6056501076096246,23324
1.195675766205,23326
1.4921678010180832,23327
0.7498383947903254,31001
1.1254544989251287,31002
0.24373243415444995,31003
1.2518766494176852,31004
-0.14842563486331753,31005
0.27548149701793073,31006
0.7698056820441473,31007
0.9668535809052565,31008
-0.40579392360576777,31009
0.25799681096739235,31010
-0.34607188173248454,31011
0.40175410812088164,31012
-0.3543500460823078,31013
-0.15320657286784684,31014
1.302858698051774,31015
-0.14293770805086406,31016
-0.2063071300280655,31017
0.5504413037117116,31018
0.6076454551245953,31019
-0.40443167114690753,31020
0.30012283139757073,31021
-0.018892414662975362,31022
0.09431410672651594,31024
0.4179051245051823,31025
0.9914889508313826,40901
1.6562276873873496,40902
-0.018952719117708502,40903
1.2398882758478582,40904
0.948421160096949,40905
1.045906875363568,40906
0.12768937165419164,40907
0.731217520829457,40908
0.6611149535598294,40909
1.7117322735613336,40910
0.8080960943407565,40911
1.7006605920247886,40912
1.0914824253233582,40913
0.12308588197977244,40914
1.4476563351396619,40915
0.6219059649021822,40916
-0.033183936586173336,40917
1.4022980770515427,40918
1.01644231437298,40919
0.14448429669410318,40920
-0.5165854969554814,40921
0.34349098396928135,40922
0.8174436834834459,40925
1.7271751453250035,40926
0.9714448903443489,40927
0.22914156095848418,40928
1.274048571861073,40929
1.2239130316483788,40930
0.19645388327385727,41401
0.12253967623112663,41402
0.1759147603016116,41403
-0.17465489263113096,41404
0.6540829893186757,41405
0.7434073764267022,41406
0.6582972707873267,41407
-0.21361551304153392,41408
1.0453446023363437,41409
0.8866471647647862,41410
1.3850599267628132,41411
1.084170634482389,41412
1.0084139547271491,41413
1.3504093464249842,41414
0.29778214997240904,41415
1.6452767060807132,41416
0.8612126268157666,41417
-0.37815558083768064,41418
0.8807498364214741,41419
0.8601642351929834,41420
1.230713131681094,41421
-0.17428128414862684,41422
0.1371636205233692,41423
0.5802392997367439,41424
-0.3743329762940561,41425
0.12033691177843037,41426
1.7453522912675308,41427
0.817509425117972,41428
1.2689851862882746,41429
0.14337145756033107,41430
0.5877044507243337,41431
0.30870672575048735,41432
-0.04287423579487101,41511
1.3600286095438565,41512
1.5737664482089573,41513
1.2403560105747198,41514
0.506282694176444,41515
-0.1622042147564635,41516
0.9661791944043969,41518
-0.00722020442160414,41519
0.4718208103395659,41520
0.7823658319221848,41521
-0.538173792416749,41522
0.8734200547595009,41523
0.7847189843613206,41524
1.2421921153869502,41601
0.43410172507471373,41602
1.2917647423451397,41603
1.2974654100464766,41604
0.6817164085724089,41605
1.548259012165586,41606
0.19793384391681138,41607
1.0886007172890682,41608
0.532194150263573,41609
1.4585667055396871,41610
0.09601948913041763,41611
0.9403016612543511,41612
1.0299327087492105,41613
0.7162505563645628,41614
1.610316199097641,41615
1.535725468917036,41616
0.6216683673109467,41617
1.212594151224364,41618
1.1376179103965705,41619
0.5641389515606924,41620
1.6122587723931951,41621
1.5172677032284447,41622
0.2167386077612864,41623
1.7481746328323453,41624
0.34562895001812144,41625
1.5367903627296506,41626
0.33900420299947664,41627
1.0715766468707413,41628
1.1386754451862058,41629
0.7140848695140194,41630
0.7776929519407141,42511
1.3876890753417244,42512
1.4035370228612956,42513
1.3592040495293705,42514
0.08065172777538147,42515
-0.09284534532439861,42516
0.5780216905153116,42517
0.029592047392584028,42518
0.9937550749145426,42519
1.1142996989875777,42520
-0.24804112742654033,42521
1.737408478928416,42522
0.6444613763821038,42523
0.5690751222346752,42524
0.6241163582556212,51201
1.1776826579251185,51202
-0.13470370220924757,51203
0.8760737829506262,51204
0.9413144620686988,51205
-0.40248659126324365,51206
-0.014563006258481503,51207
1.1148349847871195,51208
-0.15953866775106343,51209
0.28192957046013395,51210
-0.1313700702403149,51211
0.29582064729831004,51212
0.8278291151090812,51213
0.7932349313616406,51214
1.541808740500575,51215
0.22004075313482946,51216
0.39401694671673865,51217
1.263605052379683,51218
1.034442717911352,51219
0.18234695910227797,51220
1.2128720285610284,51221
0.899429000116604,51222
0.8759284389070867,51223
0.34389639486524765,51224
-0.1718578609576251,51225
1.0415324848980307,51226
0.23141259758638047,51227
-0.07361952986656758,51228
0.9510541089620815,51229
-0.3182742035146723,51230
0.053489230116407126,51231
1.6619081015499475,51232
0.25123388438623706,51233
-0.060946928725246534,51901
0.9291640870372272,51902
0.05643506137600012,51903
1.2704216010509966,51904
0.7125367481346143,51905
-0.2836383383488479,51906
1.7346626687635553,51907
0.1459577770182192,51908
0.7590825923549555,51909
1.2895207592575713,51910
0.7977918538266214,51911
1.0501171343058249,51912
0.7805341456903473,51913
-0.6515561822112457,51914
0.42908459880566896,51915
0.09657919019426063,51916
0.583940243192377,51917
-0.12938672730247724,51918
-0.14046205988174518,51919
-0.31435749123169704,51920
0.7178311389128063,51921
0.01891595374258503,51923
1.2044323344415033,51924
0.5108613298569786,51925
0.8832451254018847,51926
1.1506691037066652,51927
0.5160725105894389,51928
0.4557047826396903,51929
1.386525945970318,51930
-0.2908300305053529,51931
1.4319089086249217,51932
1.1696083433245672,51935
1.6293100569514056,51936
1.0904296048910205,60201
1.4369407401305219,60202
1.2101009128086886,60203
0.03538959085085655,60204
0.3574933782117818,60205
0.6218554160291064,60206
-0.14784831890421618,60207
0.4716283063908975,60208
0.6170767586251749,60209
1.175123023508247,60210
1.1167985888271037,60211
0.42944528606504284,60213
-0.012806491865999272,60214
0.42524392451456766,60215
1.2057186750378472,60216
0.28785088686859645,60217
-0.06718117846379446,60218
-0.18723207164973193,60219
0.2982794548993131,60220
-0.2091822579444382,60221
0.355748197253489,60222
0.46748314706238536,60223
0.5962931837465897,60224
1.4277226888844834,60225
0.9763033675750912,60226
0.8749248384218368,60301
-0.26765272628368425,60303
-0.23823322089668403,60304
0.038139262479722394,60305
0.6813085875711826,60307
-0.7236088743246778,60308
-0.10007945586915602,60309
1.4544903248056926,60310
0.8230601806967788,60313
0.48347172362087243,60314
1.0493245467675483,60315
0.4892317876528288,60316
0.8622961855379012,60317
0.2464251823835423,60318
0.5264060182930788,60319
0.36831903932998505,60320
-0.06544353313769369,60321
-0.2563042782199677,60322
0.39434738364443994,60323
0.6306700962411655,62201
1.5785600661444936,62202
0.604476837008102,62203
0.3699197703769165,62204
1.0132541772742711,62205
0.8988203832328946,62206
-0.543369863830837,62207
0.5153757292462205,62208
0.10206804239808263,62209
0.48319883352494764,62210
0.6720320749983297,62211
-0.007196187079862459,62212
-0.23336069247582336,62213
0.40991788848766125,62214
-0.31548875168680784,62215
1.6761311404333505,62216
0.759529326047124,62217
1.183277383874024,62218
0.4420577241450737,62219
-0.4907624478491501,62220
0.9809756439710698,62221
0.0034953969234147535,62222
0.3978677593430769,62223
0.169094592011507,62224
0.20164112809165954,62225
1.0514115772009838,62226
0.9801157152379468,62227
0.04839384711367667,62228
0.03967473962575871,62229
-0.766469225041714,62230
-0.6533319226103331,62701
0.8049639460035535,62702
-0.4492554902480928,62703
-0.4876271338125781,62704
-0.06172869108560024,62705
0.33198726482776053,62706
1.682660025285137,62707
0.1585258148581857,62708
0.4309619481604223,62710
1.1627853119808644,62711
-0.9378871264902433,62712
0.4012226780701837,62713
0.27238470288273064,62714
0.19531411679140315,62715
0.10447786632305038,62716
0.6483445453589505,62717
0.4696645164299875,62718
-0.27784490290384006,62719
0.19116978940316692,62720
0.26290263723298546,62721
0.6431218776355554,62901
0.07828026066461088,62902
0.2354260543909141,62903
-0.09636638090583334,62904
1.351042990277711,62906
0.4436159215020848,62907
0.24785558077406233,62908
0.5204967588632186,62909
0.09351251499890252,62910
-0.37827140409613785,62911
0.763747178883809,62912
1.728708671812931,62913
1.572508761467997,62914
-0.08306730601673924,62915
-0.31184793032934605,62917
0.31174543377012226,62918
0.27147521741015174,62919
0.8219478731720002,62920
0.1298136206650256,62921
0.7250597018271508,62922
0.40104686672345735,62924
0.2051812950508929,62925
-0.09672142727167547,62926
0.8408767814349231,62927
0.45274803886654946,62928
-0.0014723611978476134,62929
0.6106542446147554,62930
0.009324694702060977,63001
0.4961094429314935,63002
1.3898135155816458,63003
-0.04988060388493864,63004
0.23076981513766465,63005
1.407278888147365,63006
1.0002879595785303,63007
0.19850788241203463,63008
-0.1555467031017939,63009
1.0843546191910587,63010
0.7501566277013704,63011
1.0711226489507286,63012
-0.3162414178601273,63013
0.33196808267391203,63014
0.023080896007972907,63015
-0.6029772169768949,63016
0.6277287272494246,63017
-0.005511670923287253,63018
0.4950794848913286,63019
1.7195966260161033,63020
0.4979348677038452,63021
1.3268112565054304,63101
1.6795744134792594,63102
1.3067377845520889,63103
0.3172272307219123,63105
-0.036345851017637515,63106
-0.6851944911057344,63107
0.7439613168614218,63108
-0.4520375513109687,63109
1.0524670913352114,63110
0.14684764075552661,63111
-0.256176079671224,63112
0.7220196785625779,63113
-0.4348409801064251,63114
0.1569158169693777,63115
-0.012324281295800025,63117
1.5736019416827198,63118
0.2037400999482353,63119
0.4648509106739223,63121
0.04044153551870434,63122
0.6473855129054583,63123
0.08160325699398076,63201
0.9836068496412586,63203
0.20303369014257824,63204
1.6243992288201994,63205
1.2655914584401222,63206
0.18427777082815075,63207
1.6911794281593995,63208
0.4462863848646739,63209
-0.24278262211952908,63210
0.42319014294011575,63211
0.3753074213229263,63212
0.6370329939075234,63213
1.4712708455792256,63214
1.7379203945657964,63215
0.23901075145548864,63216
0.29648177810146975,63217
1.289829705177704,63218
1.3950850064707936,63219
0.9012689205930184,63220
-0.5019836041504836,63221
-0.46682463628612036,63222
0.5237888321828875,63223
0.9177090780713696,63224
-0.5576663606858109,63225
0.7650504495534398,63227
1.5367457359002252,63228
-0.2222060662325219,63229
0.4501284325881479,63230
1.322387053763113,63231
-0.05548236077404018,63232
1.5618025869785712,63233
1.1431499575746937,63234
0.17174413642235833,63235
0.06540855630722422,63236
0.3848665500879035,63237
-0.20782639139700046,63238
-0.28912080556595954,63239
0.6041186921876113,70601
-0.13641000026199213,70602
1.0923626108764586,70603
0.380563531699486,70604
0.2948327895203642,70605
1.3593989717900254,70606
1.1155055894117722,70607
-0.790936921917544,70608
-0.191209420556101,70610
-0.33812920076256,70611
1.0333832586737806,70612
-0.3555497186311114,70614
0.28987674543656683,70615
-0.2626800305722495,70616
0.6768628679467583,70618
0.5332522942867463,70620
-0.3465548018022889,70621
-0.8267013786507633,70622
1.1894099329577503,70623
-0.29964895576727024,70624
-0.4211966766623535,70625
1.0742695224540793,70801
0.5451512706899143,70803
0.02937689130782827,70804
-0.039952935549680164,70805
0.7217047993742983,70806
0.44181188816555317,70807
0.835437553781863,70808
0.014443161976480363,70809
-0.1689285057013031,70810
-9.774194050326957e-4,70811
-0.19519931386515113,70812
-0.0668044340265908,70813
-0.028831852756079673,70814
-0.019786552992030734,70815
-0.6112129183650556,70816
0.19942085662007838,70817
-0.6158389153577979,70818
0.8436351281985475,70819
0.21505969710539163,70820
1.0273181980778034,71101
0.24812321314675875,71102
1.0907872388185869,71103
-0.12182080203905943,71104
-0.0774049455179666,71105
-0.11313624049889746,71106
-0.21740111861535938,71107
1.5735768406284072,71108
0.5006034429513373,71109
-0.3190929433508491,71110
-0.31175529418843145,71111
0.5312982831434494,71112
-0.3941875325455099,71113
0.8426877845936395,71114
0.36163166402474795,71115
1.5170994841390963,71116
0.30543652246576614,71117
-0.28267095173611656,71118
-0.5808136342289585,71119
-0.19911630549095183,71701
1.6247614749041521,71702
-0.2005019418753481,71704
0.30971920910569306,71705
1.6975000072853215,71706
1.7393380754480554,71707
-0.17622128099317694,71708
-0.030775405957035352,71709
-0.7992340128803922,71710
1.105001366662157,71711
1.172055106817292,71712
0.8786739624182794,71713
-0.29173192255713915,71714
1.2154511337903098,71716
1.1508690205043417,71717
0.6085919506703416,71718
0.6497593170047675,71719
0.6177570114465993,71720
1.0140961028137552,71721
0.6841786564759448,71722
0.6954165533021065,71723
1.0968862099590344,72101
0.023077649403477236,72102
-0.08031555717756678,72103
0.5869133858378126,72104
0.08448331124466708,72105
-0.07628580894790347,72106
0.6518946880886248,72107
0.7286553111209135,72108
0.7992102399723685,72109
0.9576982257442143,72110
-0.5457872862577134,72111
0.15947381261236684,72112
1.6330367707228821,72113
1.7692871980629659,72114
1.1974201067970014,72115
0.31657484486975584,72116
0.8396846355429471,72117
0.1297170296025584,72118
-0.40699575964162027,72119
0.43400907602784256,72120
0.1319719814740351,72121
0.7913298851396776,72123
1.6328652909795607,72124
0.2690017239097229,72125
-0.0028607332765087537,72601
-0.10553847096016386,72602
0.3694593133177818,72604
-0.6651488753786251,72605
-0.3749482236197515,72607
0.18507536939223534,72608
0.17944136600281177,72609
0.6381008104388982,72610
0.1016365583354019,72611
0.393015681438642,72612
0.5471546555618584,72613
-0.15332108214187237,72614
0.10180324852082935,72615
0.9547812400258375,72616
-0.3563293243554778,72617
0.1682141258471764,72618
0.3359897089033386,72619
1.6112542877242708,72620
-0.10485463610858654,72621
1.7384145492305658,72622
-0.16366057549680982,72623
0.6108660943831621,72624
0.150250189873674,72625
0.2322043083512096,72801
-0.42566642935957144,72802
0.5292872008760527,72803
-0.5846120195039332,72804
-0.11455134762763217,72805
0.28378904191453413,72806
0.30584656483884415,72807
0.9710894015147111,72808
0.28849423084958664,72809
0.23841785023316028,72810
0.15435695293860768,72811
1.6148533047346265,72812
1.0845602710695257,72813
-0.031051743003823806,72814
1.646291140970471,72815
0.5851939622204552,72816
1.1873603621909323,72817
0.833300335557071,72818
0.683332360413281,72819
0.16100864571244874,72820
-0.1616175788330295,72821
0.6632396242469861,72822
-0.19244889005168056,72823
0.30681129240740007,72824
1.549817904782533,72825
0.47069136611367984,80101
0.5589078253493245,80102
0.41665001132137797,80103
-0.01867822943073914,80104
0.36034292425228703,80105
1.1017483390587366,80106
1.6844794593170025,80107
1.2163146088689663,80108
0.13853688414604662,80109
1.5141506987717932,80110
0.8773742628613838,80111
0.9065642245490816,80112
0.3487838158257841,80113
1.4092896737801501,80114
0.9341757460607332,80115
0.3835513419750147,80116
0.032747807283817536,80117
1.079687151891168,80118
0.1833777397298138,80119
-0.24290228855989315,80120
0.41366200498554856,80121
-0.11018408709018009,80122
0.060464944933541334,80123
0.6302561720903369,80124
-0.3329996154350378,80401
1.622807629517393,80402
0.7813877366729528,80403
0.6019502560381945,80404
-0.001922599291873766,80405
-0.47754230282658156,80406
-0.020225389592817264,80407
-0.9534442600595194,80408
-0.3076146410134132,80409
0.6801867170136419,80410
1.140159852398919,80411
1.0627967691838993,80412
1.6404732840388208,80413
-0.40925963584563974,80414
-0.27011375394329595,80415
-0.16688752307556212,80416
1.2826780386204364,80417
0.7983696126978641,80418
0.3656790256006135,80419
1.6352494379098443,80420
0.6879825220235436,80421
0.3310011581953738,80422
1.234675472879723,80423
1.1022503751163926,80701
0.851074130107286,80702
1.1725083020865572,80703
-0.26197129701206473,80704
0.47644951268026864,80705
0.17167329572909967,80706
0.8908527752945986,80707
-0.16847576164892153,80708
1.7228836873964741,80709
0.6835428840874491,80710
0.6456237681925605,80711
0.47662369782599096,80712
1.2446220859478327,80713
0.5029036400765385,80714
0.5107314737712491,80715
0.3621395220274257,80716
0.12312520555485025,80717
1.1800819973527874,80718
1.4125928972256192,80719
1.642708751833417,80720
0.19421198063382236,80721
0.30068723300938965,80722
0.9052861503689041,80723
0.6923124789009745,82301
0.7398855147170603,82302
0.10543893640112331,82303
-0.47653874081169384,82304
0.2565922233342088,82305
1.410799800538366,82306
1.3149447374431043,82307
0.8417726016659421,82308
0.6795699728010034,82309
-0.06248897316912287,82310
0.31934778633809047,82311
-0.17686747652961965,82312
1.246012496966455,82313
0.31897559461386366,82314
0.5970544178931616,82315
1.4935310922894307,82316
0.010352725004058082,82317
1.3082520187527533,82318
1.6530276676543831,82320
0.8684245081049198,82321
0.8371772242892919,82322
0.21431088165660264,82323
0.5804192721493027,82324
0.4081911081208486,82325
-0.05768339716825459,82401
0.09607588854003345,82402
0.2518360644163742,82403
0.7773857828509549,82404
0.3408640093598627,82405
-0.5092460530555831,82406
-0.032490021487434725,82407
1.242072446069465,82408
1.710654155870794,82409
1.3550408200650552,82410
0.24855207664753762,82411
0.18830389493528638,82412
1.260533853039975,82413
-0.5405479606631455,82414
-0.20166039904456812,82415
1.6979741521907932,82416
0.712663437365376,82417
-0.10139695527747282,82418
0.6052060116187445,82419
1.1107976409242366,82420
1.6581572109436071,82421
0.65725356806409585,82422
-0.9709559073243385,k 1
-0.9889936391169313,k 10
0.7723600567581442,k 100
-0.23192091961793254,k 1000
0.38989549578408544,k 1001
-1.7758859624015162,k 1002
0.6955661119288211,k 1003
0.6914250512490544,k 1004
-0.5942321499933269,k 1005
-0.9901427404167934,k 1006
-1.7922718402610776,k 1007
-0.7722111162244489,k 1008
-0.13769259861322852,k 1009
0.6388200558181149,k 101
0.7638383066402845,k 1010
-0.9879958224960261,k 1011
0.035656723261754585,k 1012
-0.36496186901092276,k 1013
-0.7802168512644918,k 1014
-0.4501617174130931,k 1015
-0.8226141807311778,k 1016
-1.1103541178694596,k 1017
-0.25900522176516133,k 1018
-1.556306335014078,k 1019
-0.4977236108297014,k 102
-1.334483693799641,k 1020
0.6665930539249506,k 1021
-1.7632655600822538,k 1022
0.6903139350555352,k 1023
0.7241623740312915,k 1024
-0.7690484074046559,k 1025
0.7241623740312915,k 1026
-1.2155972005114082,k 1027
0.6967002141255161,k 1028
-1.2055475873494241,k 1029
0.6752181358523128,k 103
-1.0592425670127519,k 1030
0.698903221539744,k 1031
0.029123617960369604,k 1032
-1.0012014082265652,k 1033
0.04590775413122978,k 1034
0.7713278006331702,k 1035
0.07809539029226163,k 1036
-1.515123461366778,k 1037
-0.13573720955721463,k 1038
-0.1558872549206655,k 1039
-0.8998056403942052,k 104
-0.8663404944063577,k 1040
-0.3968243245455064,k 1041
-1.352332416177699,k 1042
-0.25281663017587735,k 1043
-1.2660210657186524,k 1044
0.7241623740312915,k 1045
-1.3917415480935866,k 1046
-0.8868089953760488,k 1047
0.7241623740312915,k 1048
-0.20274123051032536,k 1049
-1.216425901555684,k 105
0.6830721898300957,k 1050
0.7241623740312915,k 1051
0.6516771149877053,k 1052
0.7241623740312915,k 1053
0.10373514957382864,k 1054
0.8159387631311962,k 1055
0.6537971087574261,k 1056
-0.47396924619485814,k 1057
0.009726498025991714,k 1058
0.7241623740312915,k 1059
-1.3046183677582492,k 106
-1.7323885657049847,k 1060
0.13527773799073725,k 1061
-0.9609001106555002,k 1062
-1.1981198583160437,k 1063
-0.269511634326963,k 1064
-0.1600623931659156,k 1065
0.7241623740312915,k 1066
-1.4703062300432634,k 1067
0.8157490446848619,k 1068
0.6914250512490544,k 1069
0.618617034765342,k 107
-0.2260970452434631,k 1070
-0.8233785030748285,k 1071
-0.8868485072310415,k 1072
0.6914250512490544,k 1073
-1.320802112795993,k 1074
-1.2162146100410927,k 1075
0.8375760098895821,k 1076
0.6713676537682403,k 1077
-0.2500827122810097,k 1078
0.1981633015422346,k 1079
-1.5941443406001095,k 108
-0.18538956703652548,k 1080
-1.9892718517053527,k 1081
0.6587237937522462,k 1082
-0.18634141873249596,k 1083
-1.0072534911204563,k 1084
-0.01223198451777106,k 1085
0.7068926858901321,k 1086
-1.4841710048390282,k 1087
0.7241623740312915,k 1088
-0.0821142194454512,k 1089
0.7106798304331609,k 109
-0.48930585901047685,k 1090
-1.657491516335729,k 1091
-0.3853520790368409,k 1092
-0.19262579764851764,k 1093
0.6639921018938089,k 1094
0.7408688551395153,k 1095
0.6724963099743851,k 1096
0.7614024732591131,k 1097
-0.7282658001491789,k 1098
0.21352168373075722,k 1099
-0.7109911715344235,k 11
0.060332859237314795,k 110
0.6550516394085419,k 1100
-1.8476469588703566,k 1101
-0.3891312238155741,k 1102
0.6280050122804887,k 1103
-0.4497390081121542,k 1104
-1.367708699056511,k 1105
-1.0328846127651095,k 1106
-0.6631769121709904,k 1107
-0.9654885871662516,k 1108
0.6240474080934313,k 1109
-0.047131579004383445,k 111
-0.413102948589371,k 1110
0.7241623740312915,k 1111
-0.07224533948450777,k 1112
0.7068926858901321,k 1113
0.7140270332452614,k 1114
-0.48776750879740766,k 1115
-1.5451992317962917,k 1116
0.7746026588806435,k 1117
0.7159026244253285,k 1118
-0.5682470230160489,k 1119
-0.3527801521297484,k 112
-0.298344576968755,k 1120
0.6886001318975072,k 1121
-0.5914541219278079,k 1122
0.7241623740312915,k 1123
0.60048567219492,k 1124
-0.6835620075231881,k 1125
-1.3906151995522653,k 1126
-0.5397382186393025,k 1127
-1.1713762180001244,k 1128
0.03650852716293094,k 1129
-0.29821899972883276,k 113
-1.4631134594573247,k 1130
0.7674968538207441,k 1131
0.7932756583930484,k 1132
-0.7928502237748841,k 1133
0.7241623740312915,k 1134
0.7628504181714202,k 1135
0.35356878818858,k 1136
-0.39647459348612335,k 1137
-1.1843652690894453,k 1138
-1.0691308047515142,k 1139
0.7241623740312915,k 114
-1.668335521058123,k 1140
0.6967002141255161,k 1141
0.7853118770475576,k 1142
0.58642809849993,k 1143
0.2983232777029285,k 1144
-0.25283985638729833,k 1145
-0.29242100462046733,k 1146
0.6632518632859805,k 1147
-1.706106617177352,k 1148
0.7241623740312915,k 1149
-0.9197639802583392,k 115
0.7875528802731842,k 1150
-0.1040791834243739,k 1151
-0.2853968407414323,k 1152
0.6983350066064336,k 1153
-1.625153212496714,k 1154
-0.44994852967755755,k 1155
-1.3854678144549633,k 1156
-1.2464945639151872,k 1157
-0.5888813873286214,k 1158
-0.5884709388584256,k 1159
0.665660285149063,k 116
0.7241623740312915,k 1160
-1.6934670278380777,k 1161
-1.7616769009532158,k 1162
0.7001811531713299,k 1163
0.10646723579429107,k 1164
0.6426473085380551,k 1165
0.24999848004665307,k 1166
-0.8789499687167976,k 1167
0.829884314058591,k 1168
-0.2995968118123769,k 1169
0.6596186459959982,k 117
0.5979592201830627,k 1170
0.6442645007368613,k 1171
-0.1818288696337585,k 1172
-0.941413620566921,k 1173
0.6869153132080019,k 1174
0.042146944354478855,k 1175
0.8223013490203073,k 1176
0.7241623740312915,k 1177
0.06356081456553092,k 1178
0.6713676537682403,k 1179
-0.2801687760251889,k 118
0.6950006971062658,k 1180
0.7896222354342992,k 1181
-1.2627723054412885,k 1182
0.7424803987246087,k 1183
-1.101730067122892,k 1184
0.6780982563493458,k 1185
0.6903139350555352,k 1186
-0.9879958224960261,k 1187
-1.185541384721505,k 1188
0.6833847517238165,k 1189
-1.5017537025141232,k 119
0.02234351784327622,k 1190
0.7981045143982519,k 1191
-0.7477710804813905,k 1192
0.7241623740312915,k 1193
-0.8811651682900898,k 1194
-0.6075018464786415,k 1195
-0.542807263574947,k 1196
0.7948268872282204,k 1197
0.5310803643862807,k 1198
-0.6527489681107717,k 1199
-0.20702254163090128,k 12
-0.5257824840935929,k 120
0.7241623740312915,k 1200
0.68724212878522,k 1201
0.7241623740312915,k 1202
-0.5095035071347137,k 1203
-0.725382804455071,k 1204
0.6617129747991357,k 1205
0.6914250512490544,k 1206
-1.1409134356067396,k 1207
0.07139682658665628,k 1208
-0.8851531998567584,k 1209
0.7241623740312915,k 121
0.7241623740312915,k 1210
-1.27585613223784,k 1211
-0.18538956703652548,k 1212
-0.7937232278739029,k 1213
-1.3376403010479023,k 1214
0.7792678453317216,k 1215
0.7841643365849336,k 1216
0.6935718987365761,k 1217
0.7241623740312915,k 1218
0.7586722325967563,k 1219
-0.6281260109485527,k 122
0.7662647693007114,k 1220
0.7241623740312915,k 1221
0.6764888582684503,k 1222
0.6176800879802482,k 1223
-0.6858495976232055,k 1224
0.575719506706429,k 1225
-1.0617746214314534,k 1226
-0.7456736438162622,k 1227
0.0647657672060562,k 1228
-0.14395244255437514,k 1229
-0.7923989207320209,k 123
0.7241623740312915,k 1230
0.7241623740312915,k 1231
-0.5059714888827394,k 1232
0.6353230796677112,k 1233
0.6358201125200237,k 1234
0.6727597360585472,k 1235
-0.5914541219278079,k 1236
-1.13610369343353,k 1237
0.794155735584058,k 1238
-0.2882955813180743,k 1239
0.31269769840470407,k 124
0.7918760079220616,k 1240
0.6914250512490544,k 1241
0.6501818446386654,k 1242
-0.3850718770546061,k 1243
-1.4537043383327202,k 1244
0.6914250512490544,k 1245
-0.711048262961239,k 1246
-2.8507927952929077,k 1247
-0.939986444902469,k 1248
0.15466292143009205,k 1249
0.698903221539744,k 125
0.14644490960332643,k 1250
-1.421592079681266,k 1251
0.6388200558181149,k 1252
-1.4581721792256428,k 1253
-0.345161853055625,k 1254
-0.6915046466538671,k 1255
-1.4949530002937097,k 1256
0.6535127267974373,k 1257
-0.8335153400593387,k 1258
-0.1040791834243739,k 1259
-0.7331255251243151,k 126
0.020723511613101226,k 1260
0.7312404456807482,k 1261
-0.010162555335662307,k 1262
-1.21440776725007,k 1263
0.6876045347569679,k 1264
-1.472863073724794,k 1265
-0.2792624587888745,k 1266
0.03774487111260339,k 1267
0.6891865522064443,k 1268
0.5352597530146183,k 1269
-0.4094452706796789,k 127
-0.5976310344894418,k 1270
-1.407732903375501,k 1271
-0.25094870899798394,k 1272
-1.4003814855197527,k 1273
0.7241623740312915,k 1274
-1.301492531853306,k 1275
0.5892444717706632,k 1276
0.7001725508764842,k 1277
-1.0130492173021226,k 1278
-2.070831909091082,k 1279
0.0423204629171034,k 128
-0.6545914154644576,k 1280
0.6903139350555352,k 1281
0.5560907295936457,k 1282
0.6610588326068573,k 1283
-0.21165016339440845,k 1284
-1.0660792418366165,k 1285
-0.011064052830395483,k 1286
-1.0243352376061963,k 1287
-0.4886107888477222,k 1288
0.13527773799073725,k 1289
-1.174034010023459,k 129
0.6506981781128623,k 1290
0.6459875227057944,k 1291
0.7241623740312915,k 1292
0.6056389924674106,k 1293
0.6665549730476827,k 1294
-1.1191442280682287,k 1295
-1.7278723718325024,k 1296
0.795525167864645,k 1297
-1.3954107869935508,k 1298
0.24093298724352058,k 1299
0.5751601948766079,k 13
-0.14189308701779257,k 130
0.8108345426586764,k 1300
0.8254410487689651,k 1301
-0.8000063181108245,k 1302
0.8226041671835895,k 1303
0.3945916482083784,k 1304
-1.1850711290046625,k 1305
-0.24192508244844677,k 1306
-0.9213395772930361,k 1307
0.6674187093656172,k 1308
0.774720669216962,k 1309
0.7241623740312915,k 131
0.7070559183798156,k 1310
0.0164548553443503,k 1311
0.19370770908334042,k 1312
0.6569669083778095,k 1313
-0.46180969904357366,k 1314
-1.5615269364323834,k 1315
0.713156847222526,k 1316
-1.101730067122892,k 1317
-0.1335788375347147,k 1318
0.7241623740312915,k 1319
0.8254410487689651,k 132
0.5358665376028335,k 1320
0.6764888582684503,k 1321
0.23435174139121226,k 1322
-0.6426843229038559,k 1323
-1.1476374214649403,k 1324
-0.587382999500484,k 1325
-1.0195583093679625,k 1326
-1.2383411979067513,k 1327
-0.5940902129676042,k 1328
0.6138021405346274,k 1329
0.713156847222526,k 133
-0.7407174808611744,k 1330
0.6967002141255161,k 1331
0.6703644095663988,k 1332
-0.8027010266957647,k 1333
-1.250771630872552,k 1334
-1.5412130287363042,k 1335
-0.8514257234990984,k 1336
-1.1728283822893606,k 1337
-1.51523993096441,k 1338
0.8183398124452932,k 1339
0.6787001188150078,k 134
0.7241623740312915,k 1340
-0.9934281001411759,k 1341
0.6602518996939759,k 1342
0.7241623740312915,k 1343
-0.38371852816573626,k 1344
-1.1326252235459762,k 1345
0.7241623740312915,k 1346
-1.326849197991397,k 1347
0.09394914743482057,k 1348
-0.7491430531433507,k 1349
0.646012624723636,k 135
-0.24466439287858144,k 1350
0.06344684023713246,k 1351
-0.07028886721523214,k 1352
-0.8833172550678323,k 1353
0.8062727827698556,k 1354
0.16266103332137682,k 1355
-0.18538956703652548,k 1356
0.26228139960203234,k 1357
-0.7554935568346669,k 1358
-0.412779625986772,k 1359
0.08391774151632411,k 136
0.12283147230913759,k 1360
0.014687199968872452,k 1361
-0.10432696612036582,k 1362
-0.6068496510999136,k 1363
-1.1385671970948892,k 1364
0.5737390720841891,k 1365
-1.101730067122892,k 1366
-0.2656895729886799,k 1367
-0.9439245032618372,k 1368
0.7068926858901321,k 1369
-0.6969672280486876,k 137
-0.8879310495815492,k 1370
0.5975993669658606,k 1371
-0.3136502204232806,k 1372
-0.14395244255437514,k 1373
-1.1748330754226328,k 1374
-1.3848693678738,k 1375
0.7962890474998472,k 1376
0.7241623740312915,k 1377
0.6513347851900195,k 1378
-0.9725074787061779,k 1379
-1.5175695745568707,k 138
0.7241623740312915,k 1380
0.18624371728789285,k 1381
0.7241623740312915,k 1382
-1.7771418423454282,k 1383
-0.8476611927928385,k 1384
-1.3164749405579448,k 1385
0.6348397937413165,k 1386
-0.7515512102872495,k 1387
0.7241623740312915,k 1388
0.6967002141255161,k 1389
-0.14395244255437514,k 139
-0.16183218835038007,k 1390
-1.5881015040968998,k 1391
-0.8221127940341393,k 1392
-0.3392206933660121,k 1393
-1.4184775758110026,k 1394
-0.27546988068659545,k 1395
0.7405666697793641,k 1396
-0.5168641883766893,k 1397
-1.5187014368017364,k 1398
-1.1126459645717206,k 1399
-0.6155483888735863,k 14
-1.9500389688634086,k 140
-0.25107211383846223,k 1400
0.6103557467636131,k 1401
-0.5677047667447676,k 1402
-0.8398451890854703,k 1403
-0.04616232783156071,k 1404
0.6516771149877053,k 1405
0.6301011836255775,k 1406
0.7313529948644162,k 1407
-0.01292603633078114,k 1408
0.6407760661146041,k 1409
0.6967002141255161,k 141
-1.2716713471959953,k 1410
0.6308884843722904,k 1411
0.6311682425461554,k 1412
-0.9772784889689198,k 1413
-1.0704073962441003,k 1414
-0.8387975561023336,k 1415
0.7068926858901321,k 1416
-0.6810991454475724,k 1417
0.6596186459959982,k 1418
-0.7915866606598011,k 1419
0.7241623740312915,k 142
0.49020305067199743,k 1420
0.11897425951408577,k 1421
-1.1937133049469841,k 1422
-0.5935383936461287,k 1423
-1.1336158660446676,k 1424
0.6376515839232858,k 1425
-1.01199464839161,k 1426
-1.381343122964539,k 1427
-1.6158506637729186,k 1428
-0.6552681285779606,k 1429
0.6801220352791241,k 143
0.7241623740312915,k 1430
-0.30947180319501627,k 1431
-0.7036280600476401,k 1432
0.055257932908764046,k 1433
-0.7583803209464717,k 1434
-0.8708247116544904,k 1435
0.7241623740312915,k 1436
-1.5681602016541691,k 1437
-1.7369913797399812,k 1438
0.5188465309535945,k 1439
-1.9339904929946934,k 144
-1.528988492127466,k 1440
0.6665930539249506,k 1441
0.6779894287085572,k 1442
-1.828618070334685,k 1443
-0.5227644272318753,k 1444
-0.32989924086465156,k 1445
-1.6442916084352956,k 1446
-0.3279308433979452,k 1447
-0.8879310495815492,k 1448
-0.09518302871405694,k 1449
-0.16596099131250855,k 145
0.6118310204263064,k 1450
-2.2142752348904473,k 1451
-0.8788613577598975,k 1452
-1.0885207055938326,k 1453
-0.9307238864991866,k 1454
-1.1157348960410958,k 1455
0.62049050307154,k 1456
0.6213898851879849,k 1457
0.10646723579429107,k 1458
0.6587237937522462,k 1459
-1.1700597615474215,k 146
0.6967002141255161,k 1460
0.7241623740312915,k 1461
0.6803942395787094,k 1462
0.6914250512490544,k 1463
-0.47846026254863144,k 1464
-1.4080719365663117,k 1465
-0.33518611165682166,k 1466
-1.4769732870319805,k 1467
-0.3357187033314383,k 1468
-1.2446924841617222,k 1469
-0.23990038873137562,k 147
-2.2987451205533396,k 1470
-0.9999552538639356,k 1471
0.04527988710964321,k 1472
0.6587237937522462,k 1473
-1.1892095890279881,k 1474
-0.7935160922154296,k 1475
0.353226591023439,k 1476
-0.7185648906866904,k 1477
-1.0220521793892183,k 1478
-1.7495663397168302,k 1479
0.7241623740312915,k 148
0.07668551307248593,k 1480
0.5566115021040748,k 1481
-1.5968250005286129,k 1482
-0.2612130639495625,k 1483
-1.4886025040864368,k 1484
0.7241623740312915,k 1485
-0.5536125006598093,k 1486
-1.326552609042049,k 1487
0.7241623740312915,k 1488
-1.4375452624866871,k 1489
-0.8451499832164062,k 149
0.6967002141255161,k 1490
-1.7450023866413102,k 1491
-1.6898004108973963,k 1492
-0.5858353443231115,k 1493
-1.0311702812992292,k 1494
-0.31720699498673866,k 1495
0.7070559183798156,k 1496
-1.1988113606925506,k 1497
0.6407760661146041,k 1498
-0.8912910758832258,k 1499
-1.0941779176495083,k 15
0.7241623740312915,k 150
0.6585502361157843,k 1500
-0.34434641412658934,k 1501
-1.8811807115001453,k 1502
0.7241623740312915,k 1503
-0.7721149122902309,k 1504
-1.1662706225187003,k 1505
-0.44896144556752876,k 1506
-2.333591482762364,k 1507
-0.5544900236850978,k 1508
-0.1427595731818453,k 1509
0.7607175114168228,k 151
-0.7098379713181888,k 1510
-1.2604381111323002,k 1511
-0.6218310398879243,k 1512
0.07610546293342131,k 1513
-1.0263034995218614,k 1514
0.5684066325317086,k 1515
0.7241623740312915,k 1516
-0.25283985638729833,k 1517
-0.7652876321768264,k 1518
-0.6704097252891303,k 1519
0.7654961753416999,k 152
0.6939431540565026,k 1520
0.6578989470731719,k 1521
0.6609058517641265,k 1522
-1.2746187212843905,k 1523
0.7133069889395495,k 1524
-1.0233151953502888,k 1525
-1.294729403722861,k 1526
-1.4818116555313978,k 1527
-0.09650628237350796,k 1528
-1.4532440716099742,k 1529
0.6587237937522462,k 153
-1.2799419341059293,k 1530
0.6596186459959982,k 1531
-0.43734068907853757,k 1532
-1.4161009525168788,k 1533
0.6581281697009864,k 1534
-0.3624286220310212,k 1535
-1.1115509376958876,k 1536
-0.5097966529830709,k 1537
0.7114791269143721,k 1538
-0.43722640256373174,k 1539
0.7241623740312915,k 154
-0.9346959575981417,k 1540
0.5365196029420733,k 1541
0.10646723579429107,k 1542
0.3067961779117525,k 1543
0.7241623740312915,k 1544
0.6209378513126605,k 1545
-1.4060894939166086,k 1546
-0.18538956703652548,k 1547
-1.613881802876504,k 1548
-0.7777727218775019,k 1549
0.7118984413331825,k 155
0.13903622802698928,k 1550
0.6599337447721741,k 1551
-0.49595972612905775,k 1552
-1.101730067122892,k 1553
-1.1945830695571429,k 1554
-0.4552948658879896,k 1555
0.6903139350555352,k 1556
0.633305116886214,k 1557
-1.0216501406643388,k 1558
-1.2011266625219623,k 1559
0.754818522388502,k 156
-0.9709559073243385,k 1560
-0.31912761214451674,k 1561
-0.8950006746502478,k 1562
-0.879683739129233,k 1563
0.6618820639418379,k 1564
0.6686008760175582,k 1565
-0.4576051295061332,k 1566
-0.011074273309621338,k 1567
0.6903139350555352,k 1568
-0.8647138372131311,k 1569
0.40289527458879454,k 157
-0.46035489045143785,k 1570
-0.8848974365035792,k 1571
-0.6334083817679662,k 1572
0.042737014020352904,k 1573
-2.1164229834304247,k 1574
-1.7341956906826206,k 1575
-1.2556595241227582,k 1576
-0.4806594672598944,k 1577
-1.4145874419711029,k 1578
0.17989818523224127,k 1579
-0.9872621192946751,k 158
-1.4765461922014134,k 1580
0.7014295430396854,k 1581
0.6914250512490544,k 1582
0.6516771149877053,k 1583
0.6516771149877053,k 1584
0.668461999719653,k 1585
0.6354572845528286,k 1586
0.6127359661896503,k 1587
-0.8607437819962762,k 1588
0.7106798304331609,k 1589
0.6103557467636131,k 159
-0.7427684985945617,k 1590
-0.08190069911841606,k 1591
0.7241623740312915,k 1592
-1.3892743634075726,k 1593
-0.11746100550294884,k 1594
-1.1828588978919032,k 1595
-0.7525297153728271,k 1596
-1.3756604994758481,k 1597
-1.1960188489470887,k 1598
-1.231600442113697,k 1599
-1.3325311207081687,k 16
-0.7953968089144002,k 160
-0.017876228455381657,k 1600
-0.20357507041808356,k 1601
-0.3354108041899114,k 1602
-0.49712073782969673,k 1603
-1.2995633718796238,k 1604
-1.1338311483737957,k 1605
-1.2303981979281453,k 1606
-2.151909226798599,k 1607
0.6103557467636131,k 1608
-1.568848037803388,k 1609
0.7112326738845712,k 161
-0.8484490097254958,k 1610
0.6527372979007363,k 1611
-0.799767060817285,k 1612
0.6144267008988921,k 1613
0.5946667606121846,k 1614
-1.6111047392924547,k 1615
-0.9810779627953125,k 1616
0.6831326758580513,k 1617
-0.7600325822725725,k 1618
-0.41672498131072055,k 1619
-0.8913190831058814,k 162
-1.6127248613844833,k 1620
0.6547728645716657,k 1621
-0.6923705447676166,k 1622
0.6516771149877053,k 1623
0.651685014027538,k 1624
0.6865200670261178,k 1625
-1.1418208271088022,k 1626
0.6213898851879849,k 1627
0.5365196029420733,k 1628
0.6914250512490544,k 1629
0.6914250512490544,k 163
-0.8766369212035989,k 1630
-1.5744130755046128,k 1631
-0.5741566649566432,k 1632
-0.14122228648932367,k 1633
-1.496909565165985,k 1634
-1.3091965014403983,k 1635
-1.7955640806100996,k 1636
0.7106798304331609,k 1637
-1.2316939439495835,k 1638
-0.2591859988925294,k 1639
-0.06620729813408055,k 164
-0.8364815482514517,k 1640
-0.8728476994184382,k 1641
-1.6013221854715263,k 1642
-0.86363816885864,k 1643
-0.0877384160278768,k 1644
-1.4667260549837098,k 1645
-0.9860505586402267,k 1646
-0.6319319165330207,k 1647
-0.41999741052924283,k 1648
-1.345505579991869,k 1649
-1.4876739270968173,k 165
0.6967002141255161,k 1650
-1.233477036850345,k 1651
0.5144001022857033,k 1652
-1.2709452334020241,k 1653
0.6665930539249506,k 1654
0.05009060128315887,k 1655
-0.580751615182543,k 1656
-0.8886922314057949,k 1657
-1.717472619405667,k 1658
0.57080262879503,k 1659
0.7241623740312915,k 166
-0.13788231724037672,k 1660
0.08907289686891255,k 1661
0.13903622802698928,k 1662
-1.6017303732825916,k 1663
-0.12036951590290597,k 1664
0.6379708672977293,k 1665
-1.5679171691123646,k 1666
-1.3542629730656377,k 1667
-0.2900855668229729,k 1668
-1.2477350095887325,k 1669
0.7241623740312915,k 167
-0.07503435887926094,k 1670
-0.48208339958671287,k 168
-0.2762148006774406,k 169
0.6569669083778095,k 17
0.4889813019252152,k 170
0.6869153132080019,k 171
-0.9106483538233751,k 172
0.8272404369995703,k 173
-0.36463449996359526,k 174
-0.6517913126489516,k 175
0.7241623740312915,k 176
-1.4118276195651358,k 177
-0.2801441192124992,k 178
0.6527372979007363,k 179
-0.02814153703239661,k 18
-0.4949664008258272,k 180
-0.6155483888735863,k 181
-1.463063708976814,k 182
-0.9841495047665791,k 183
-0.8501252159327977,k 184
0.8133717550349271,k 185
0.8023709178045878,k 186
-0.5301282405613543,k 187
-0.9184224657308301,k 188
0.6754484582558306,k 189
0.6531601619533218,k 19
-0.8514257234990984,k 190
-1.156922810399057,k 191
0.8199930429443678,k 192
-0.37682686535269944,k 193
-0.22901515661967248,k 194
-1.3120597600114288,k 195
0.7241623740312915,k 196
0.10360639850831747,k 197
0.8009848536565641,k 198
0.7241623740312915,k 199
0.6596186459959982,k 2
-0.40120902582591095,k 20
0.6845501070829089,k 200
-0.8505840955341903,k 201
0.7474948476019989,k 202
-1.2334199345068872,k 203
0.7241623740312915,k 204
-0.8829985930996042,k 205
-0.5714274995244747,k 206
-1.8573835539524444,k 207
-0.27606394997123074,k 208
-1.2150491311792087,k 209
-0.3833976004668363,k 21
-1.6072050775176874,k 210
-1.8412221033154725,k 211
-0.8879310495815492,k 212
-1.101730067122892,k 213
-0.8007260916592239,k 214
-1.3486250362890306,k 215
0.6241851229432352,k 216
0.7068926858901321,k 217
-1.0113642142807062,k 218
-0.25800496873513074,k 219
-0.4357096080435802,k 22
-2.0575369446690264,k 220
-0.5498290079458632,k 221
-0.0883376414396063,k 222
0.7241623740312915,k 223
0.6306863535968008,k 224
-0.6835795870876926,k 225
-1.795592804189795,k 226
-1.5049443419761612,k 227
0.6967002141255161,k 228
0.11050993522397222,k 229
-0.8243905412550562,k 23
0.698903221539744,k 230
-1.0874666413985747,k 231
-0.542807263574947,k 232
0.7241623740312915,k 233
0.6421915088614278,k 234
-1.2575632059455149,k 235
0.21352168373075722,k 236
0.7241623740312915,k 237
-0.2366449504760611,k 238
-0.6081143497962072,k 239
0.6569669083778095,k 24
-0.18538956703652548,k 240
-1.4905842471336412,k 241
-0.9298068801769613,k 242
-0.18538956703652548,k 243
0.6488135470399115,k 244
-0.7507293034745505,k 245
-1.486527931885174,k 246
0.698903221539744,k 247
-0.6838220554509192,k 248
-1.2260200515918007,k 249
-0.790047690043399,k 25
-1.145782206414893,k 250
-1.2718541022364973,k 251
-1.110844694591012,k 252
0.7241623740312915,k 253
-0.9446134753886666,k 254
-1.4206292907678304,k 255
-0.29335019178746313,k 256
-0.8136107150807892,k 257
-1.276401412114518,k 258
-1.9371858983636887,k 259
0.6581241639314612,k 26
-1.0124750407810459,k 260
-1.0278263566104375,k 261
0.6569669083778095,k 262
0.6569669083778095,k 263
-0.8944078049000375,k 264
-0.2500827122810097,k 265
-1.4339581713355223,k 266
-0.20357507041808356,k 267
-1.0378575187917924,k 268
-0.5087471319091139,k 269
-1.1987424001563087,k 27
0.5072009210130612,k 270
0.6967002141255161,k 271
-0.4961328618864913,k 272
-0.5221342595714427,k 273
-1.1807050273750233,k 274
-1.1868036438832101,k 275
0.7241623740312915,k 276
0.08270493529600934,k 277
-0.9159876850304701,k 278
0.5131732838485992,k 279
-0.6001506881286172,k 28
0.7241623740312915,k 280
0.6967002141255161,k 281
-1.4683523842492583,k 282
-1.8453233361896384,k 283
-0.7797427074358443,k 284
-1.0170764328668722,k 285
-0.18538956703652548,k 286
-0.8248777271768679,k 287
-0.8610267176100109,k 288
0.6967002141255161,k 289
0.8108345426586764,k 29
-1.0448836132354888,k 290
-0.7404870428869978,k 291
0.6914250512490544,k 292
-0.03207059268570732,k 293
0.10646723579429107,k 294
0.6136063688296328,k 295
-0.2705732093459141,k 296
-0.8167237924880987,k 297
-0.7139830119438776,k 298
-0.028845003402797133,k 299
-0.14122228648932367,k 3
0.7241623740312915,k 30
-0.8518759402484519,k 300
0.3493365391334794,k 301
-1.2594155764384587,k 302
-1.0975865444981963,k 303
0.6787431228161044,k 304
-0.6285381893383026,k 305
-0.18538956703652548,k 306
0.6662393275585409,k 307
-0.4682043199152898,k 308
-0.6387038280423878,k 309
-0.06321006046869332,k 31
0.6136063688296328,k 310
0.5857675676540754,k 311
0.6914250512490544,k 312
-1.1401822314678318,k 313
-0.6109052179413985,k 314
-0.8203261472389853,k 315
0.05672656515130129,k 316
-0.1040791834243739,k 317
0.6824742661653896,k 318
-1.2890246865885908,k 319
-2.0550813165093262,k 32
-1.2653015571176538,k 320
-1.3706759194362415,k 321
0.13527773799073725,k 322
0.7241623740312915,k 323
-1.4988870627997102,k 324
-0.3030308818777789,k 325
-1.510526141066907,k 326
-0.18538956703652548,k 327
-0.8841123313370579,k 328
-0.4175698853051216,k 329
-0.805210390192301,k 33
0.7241623740312915,k 330
0.7124833343205772,k 331
-1.3073585289443768,k 332
0.6713676537682403,k 333
-1.1459987488658658,k 334
-0.9896927184776535,k 335
-0.8518759402484519,k 336
-2.1550625564463504,k 337
-1.0746577189940993,k 338
0.022108587631959387,k 339
0.6665930539249506,k 34
-1.3022495401749794,k 340
-1.1831115983616336,k 341
0.5858990823973127,k 342
0.6914250512490544,k 343
-0.09650628237350796,k 344
-1.3868148468613322,k 345
0.1424656958407112,k 346
-0.41639794035459965,k 347
0.6752181358523128,k 348
0.58642809849993,k 349
0.7068926858901321,k 35
0.08020400527194937,k 350
-0.8935166140853785,k 351
-1.5735795511629742,k 352
-0.34003125327703027,k 353
-1.309050708019562,k 354
-0.36618736021019704,k 355
-1.391221485739334,k 356
-1.0170764328668722,k 357
-0.26874153995022565,k 358
0.19984666987313202,k 359
-0.8085455220993432,k 36
-1.2618302271723412,k 360
-0.13988790603166382,k 361
-0.3557157155336903,k 362
-0.7758094830764474,k 363
0.7241623740312915,k 364
-1.4343884494418684,k 365
0.760292306178608,k 366
-0.9654885871662516,k 367
-0.5914541219278079,k 368
-1.4402727494252847,k 369
-0.06937397931422276,k 37
-1.1899925632088788,k 370
-1.4782964482729095,k 371
-1.3215332155830781,k 372
-0.4856964091082021,k 373
0.6903139350555352,k 374
-1.301851554284462,k 375
-1.5682774378976538,k 376
0.7241623740312915,k 377
-0.530695397654635,k 378
-2.024679723457874,k 379
-0.8794975433580362,k 38
0.6516771149877053,k 380
0.08179973706204212,k 381
-0.29653491807564664,k 382
0.7241623740312915,k 383
-0.24953207929591453,k 384
-1.2130028177290793,k 385
-0.6603597401225992,k 386
-0.9934281001411759,k 387
-1.7288042868011555,k 388
0.7241623740312915,k 389
0.7378490793513355,k 39
0.27170982875327976,k 390
-0.7400019819761782,k 391
-1.8494982300616143,k 392
-1.0689923099367926,k 393
0.6967002141255161,k 394
-0.2714673860864672,k 395
0.06947476051007398,k 396
-0.8629414274668837,k 397
-0.4996971451337402,k 398
0.6587237937522462,k 399
0.5914307262711921,k 4
0.6903139350555352,k 40
-0.14395244255437514,k 400
0.6914250512490544,k 401
0.6914250512490544,k 402
-0.41639794035459965,k 403
-0.6497891566026698,k 404
0.7241623740312915,k 405
0.7883177335605417,k 406
-0.5031944797252547,k 407
0.7241623740312915,k 408
0.1313969009622976,k 409
0.6382764524991752,k 41
-1.5299623461025085,k 410
-1.2951193827382774,k 411
0.7585693511060815,k 412
0.6596186459959982,k 413
-0.5633716859418546,k 414
-0.6858495976232055,k 415
0.6849438163360794,k 416
-0.10216495262659746,k 417
0.7783708287798944,k 418
0.7241623740312915,k 419
0.10482456266805457,k 42
-1.2432387463836163,k 420
-1.5270788159310607,k 421
0.7241623740312915,k 422
-1.2933305369371846,k 423
-0.5682470230160489,k 424
-1.3047981049547699,k 425
0.13527773799073725,k 426
-1.78135142525091,k 427
-1.0248225875916868,k 428
0.6661683474251247,k 429
-0.11368951491675858,k 43
-0.18538956703652548,k 430
0.7241623740312915,k 431
0.6793280377572557,k 432
0.7241623740312915,k 433
-1.221187212722222,k 434
0.6607124009332165,k 435
-0.1335788375347147,k 436
-0.542807263574947,k 437
-0.3119019720510509,k 438
-1.9269469710064107,k 439
-1.3072427186586346,k 44
-1.2345697254110617,k 440
0.714031543464479,k 441
-1.05418513714812,k 442
0.7241623740312915,k 443
-1.8997499026191478,k 444
0.713156847222526,k 445
0.08079534896012218,k 446
-0.4144770412669291,k 447
-0.6886402348942549,k 448
0.7241623740312915,k 449
-0.08884360295774159,k 45
0.21352168373075722,k 450
-0.20803740591860834,k 451
-0.9981664251017075,k 452
-0.3384389660077666,k 453
-1.101730067122892,k 454
-1.3988847735555237,k 455
-0.005616659917809911,k 456
-0.7152207881041963,k 457
0.16635451025320322,k 458
0.09394914743482057,k 459
-1.071927280444961,k 46
0.8104032699266331,k 460
-1.2508481374672193,k 461
0.6801220352791241,k 462
-1.3133793214906933,k 463
-0.04313002222147377,k 464
-0.6427362431080892,k 465
-0.7775238420723664,k 466
-1.8167005574063304,k 467
0.5135288223461145,k 468
-0.6208453011876327,k 469
-0.16310474200995806,k 47
-1.8063290054566645,k 470
0.13527773799073725,k 471
-1.5541094130284252,k 472
-1.6794118998127467,k 473
0.07151209770287412,k 474
0.6851936402471618,k 475
0.6914250512490544,k 476
-0.8879310495815492,k 477
-1.102902435670743,k 478
0.6427016885389981,k 479
0.6914250512490544,k 48
-1.2757887152378946,k 480
-0.7531456606737231,k 481
-0.1040791834243739,k 482
-0.5024479606313952,k 483
-1.0384094043782488,k 484
-0.5914541219278079,k 485
-0.4576051295061332,k 486
-0.17262905819736052,k 487
0.5765446735354373,k 488
-1.4008123331342561,k 489
-1.9079810603196585,k 49
-1.4780004035071117,k 490
0.6903139350555352,k 491
-1.2042101862827173,k 492
-1.0894543274591242,k 493
0.6903139350555352,k 494
-1.1263106344303038,k 496
-1.1508023312407123,k 497
0.6967002141255161,k 498
-0.06326180917257743,k 499
0.6498520145303291,k 5
-1.1331475255025008,k 50
-0.3307303966534334,k 500
-0.452819873936414,k 501
-0.43408490576336106,k 502
0.6914250512490544,k 503
-1.2404797536626313,k 504
-0.6195157400408763,k 505
-0.6978070010418739,k 506
-1.2920762691726102,k 507
0.7241623740312915,k 508
0.793191594711976,k 509
-0.3545083962789835,k 51
-1.4141739623413663,k 510
0.7241623740312915,k 511
0.6136063688296328,k 512
0.7776254680164656,k 513
0.6771665180897419,k 514
0.7911741026787091,k 515
-0.1454965571045331,k 516
-0.38497507505701,k 517
-0.18634141873249596,k 518
-1.0153749711008686,k 519
-1.764342458972385,k 52
-1.7788478751733716,k 520
-0.2725421357093886,k 521
-0.5536436186066498,k 522
0.6569669083778095,k 523
-1.105466478473847,k 524
0.6967002141255161,k 525
0.6459875227057944,k 526
-1.3062615865818321,k 527
0.7241623740312915,k 528
0.002375141698384685,k 529
0.6963430265035028,k 53
-0.27229801015991123,k 530
-0.8317525737974762,k 531
0.1287661993533438,k 532
-0.020031830451439313,k 533
-0.933207424730081,k 534
0.6914250512490544,k 535
-0.5682470230160489,k 536
-1.5013405196179306,k 537
0.6760608693049815,k 538
0.6967002141255161,k 539
-0.1823448470643753,k 54
-0.7955441673427598,k 540
-2.564614240104301,k 541
-0.8514257234990984,k 542
-1.2189853751919282,k 543
-1.3383075615412667,k 544
-1.0746185577288518,k 545
-1.101730067122892,k 546
0.6072123502992037,k 547
0.6388664571017162,k 548
-1.3692058077632734,k 549
-0.9095957805211453,k 55
0.6461667573005759,k 550
0.6516771149877053,k 551
0.19370770908334042,k 552
0.6613264868975004,k 553
-0.9392534591847367,k 554
0.6760608693049815,k 555
0.01009484639341054,k 556
0.6831326758580513,k 557
-1.485410737041147,k 558
-0.2868850109739667,k 559
0.7112326738845712,k 56
-1.0598665873973059,k 560
-1.4239599323931023,k 561
0.6914250512490544,k 562
0.7241623740312915,k 563
0.6967002141255161,k 564
0.6478967234756208,k 565
0.668461999719653,k 566
0.7241623740312915,k 567
0.6240474080934313,k 568
0.6914250512490544,k 569
0.6799991312852692,k 57
-0.5829167930320946,k 570
0.08210309963473508,k 571
0.7241623740312915,k 572
0.5863504119306048,k 573
-0.8723774534834298,k 574
0.6027193187498315,k 575
-0.8081036900156521,k 576
0.5597166577234225,k 577
-0.16159779209814237,k 578
-0.7174308662465295,k 579
0.5879159084646175,k 58
0.5866918095270813,k 580
-0.2331685098581885,k 581
0.6914250512490544,k 582
-1.058343953189596,k 583
0.7241623740312915,k 584
0.6618293105703813,k 585
0.6817980662432988,k 586
0.7241623740312915,k 587
-1.101730067122892,k 588
-2.2766644668954195,k 589
-0.5427831673182736,k 59
0.7241623740312915,k 590
0.7068926858901321,k 591
0.7112326738845712,k 592
-1.149958404990831,k 593
0.6914250512490544,k 594
0.6779894287085572,k 595
-0.4556917066406888,k 596
0.698903221539744,k 597
-0.19313125944217693,k 598
-1.1683898229718594,k 599
0.6516771149877053,k 6
-1.8938765506219364,k 60
0.7241623740312915,k 600
-0.49928842646717037,k 601
0.7241623740312915,k 602
0.7241623740312915,k 603
0.5854882342981637,k 604
-0.17262905819736052,k 605
0.7241623740312915,k 606
0.6991872526116629,k 607
0.6062600313120184,k 608
-0.9806439221822415,k 609
0.06051327348572962,k 61
0.6665930539249506,k 610
-0.3929155420242158,k 611
-1.778410415945035,k 612
0.6354444254971795,k 613
-1.149802021037866,k 614
0.6831326758580513,k 615
0.6587237937522462,k 616
-0.6031475121530594,k 617
-1.0573962454176695,k 618
-1.1564683871619514,k 619
-1.7913014677864973,k 62
0.7112326738845712,k 620
-0.18538956703652548,k 621
-1.4546743232459454,k 622
-1.1443716853268855,k 623
-0.8470928554168952,k 624
0.0570314247726313,k 625
0.7241623740312915,k 626
0.7241623740312915,k 627
-1.3449033279810343,k 628
-0.8879310495815492,k 629
-1.0726841280719595,k 63
-0.4788149067270424,k 630
0.19370770908334042,k 631
0.10764530066592526,k 632
-1.4265456011345672,k 633
-0.8567086576524909,k 634
0.08913929853934076,k 635
0.15466292143009205,k 636
0.6426473085380551,k 637
-0.9709559073243385,k 638
0.6714750728073183,k 639
-0.7888856019187334,k 64
0.6569669083778095,k 640
0.6861083375137034,k 641
0.6407226805248599,k 642
0.7241623740312915,k 643
-0.21010338568686962,k 644
-0.6613857949364774,k 645
0.6441568170011427,k 646
0.7106798304331609,k 647
0.7106798304331609,k 648
0.6062600313120184,k 649
-0.694599485444623,k 65
0.26052912375240656,k 650
-0.5381640500367352,k 651
0.5810780739355046,k 652
-1.3982318735991726,k 653
-1.3811624615822762,k 654
0.698903221539744,k 655
0.604838561611462,k 656
-0.5914541219278079,k 657
0.7241623740312915,k 658
-0.26487504330761374,k 659
-1.6924608547594715,k 66
0.5595710639345738,k 660
0.7241623740312915,k 661
0.6793280377572557,k 662
0.6596186459959982,k 663
0.6717152339639149,k 664
0.7241623740312915,k 665
0.647486305206922,k 666
-0.11746100550294884,k 667
0.6967002141255161,k 668
-1.121920058732811,k 669
-1.4197718874858773,k 67
0.7241623740312915,k 670
0.7124833343205772,k 671
0.7241623740312915,k 672
-0.45715831013145736,k 673
0.6752181358523128,k 674
-1.4242710852114882,k 675
-0.6548923850092198,k 676
-0.8435007742750346,k 677
-2.146952298188953,k 678
0.7241623740312915,k 679
0.6517261456500772,k 68
0.7241623740312915,k 680
0.7241623740312915,k 681
-1.5185313324890501,k 682
-1.323465971721662,k 683
-0.784524878957639,k 684
0.6849438163360794,k 685
-1.272786684534009,k 686
0.6914250512490544,k 687
0.7241623740312915,k 688
-0.07555807474264159,k 689
-0.813244690759062,k 69
0.6724332944791671,k 690
-0.9599504925959286,k 691
0.7241623740312915,k 692
0.09394914743482057,k 693
0.7241623740312915,k 694
-0.3199758562100379,k 695
-0.6613857949364774,k 696
-0.9596637917817545,k 697
0.7241623740312915,k 698
0.7068926858901321,k 699
-0.645074841414478,k 7
-2.3799444917576134,k 70
0.7118984413331825,k 700
0.6241382017961298,k 701
-0.14395244255437514,k 702
0.6103557467636131,k 703
0.684776397374577,k 704
-0.7104793591377706,k 705
-0.005832211547809484,k 706
0.7241623740312915,k 707
0.713156847222526,k 708
0.4174991770882989,k 709
-0.9259075570376155,k 71
-0.18634141873249596,k 710
0.6569669083778095,k 711
-1.101730067122892,k 712
-0.8045873453290422,k 713
-0.949769699339568,k 714
-0.8044558540293263,k 715
0.7241623740312915,k 716
-0.34482934122470643,k 717
0.6665930539249506,k 718
0.6647145473888533,k 719
0.19370770908334042,k 72
-1.4196539655824487,k 720
0.6506981781128623,k 721
-1.2379764332166034,k 722
0.6903139350555352,k 723
-0.7458803011866038,k 724
-0.3638993129488596,k 725
-2.2566021359063817,k 726
0.68407287831924,k 727
-2.2022185670617906,k 728
-1.2511569780702458,k 729
-0.2780762488796479,k 73
0.698903221539744,k 730
-0.8996349514990485,k 731
0.6903139350555352,k 732
-0.9158008280384282,k 733
0.09394914743482057,k 734
0.7106798304331609,k 735
-1.5628779001055455,k 736
0.6967002141255161,k 737
0.698903221539744,k 738
0.7241623740312915,k 739
-0.6654657697332733,k 74
0.6903139350555352,k 740
0.7241623740312915,k 741
0.6225085822766461,k 742
-1.4309091363544002,k 743
0.6103557467636131,k 744
0.698903221539744,k 745
-1.0733565027269907,k 746
-0.14395244255437514,k 747
0.6283059670784978,k 748
0.6807597700308334,k 749
0.6724963099743851,k 75
-0.48554983379384625,k 750
0.6065818481894485,k 751
0.6967002141255161,k 752
-0.44716949452822635,k 753
0.7241623740312915,k 754
0.7241623740312915,k 755
0.6935718987365761,k 756
-1.00683090758808,k 757
-0.41030518490754897,k 758
-1.2275326632823333,k 759
-0.67503149561217,k 76
0.6561317434795635,k 760
-1.3115900626336956,k 761
-0.8518759402484519,k 762
0.09561779468409136,k 763
0.6903139350555352,k 764
-0.9879958224960261,k 765
-0.2331685098581885,k 766
-0.8945608008230684,k 767
0.698903221539744,k 768
-0.5682470230160489,k 769
-1.3023208157014514,k 77
-0.18538956703652548,k 770
0.6827651209009807,k 771
0.11361818027209675,k 772
-0.2524333903862744,k 773
0.027695427945552027,k 774
0.656463918409298,k 775
-0.32754491507378314,k 776
0.7096531533190851,k 777
0.09394914743482057,k 778
0.1424656958407112,k 779
0.6779894287085572,k 78
0.7241623740312915,k 780
-1.041564620409393,k 781
-1.224508229803823,k 782
0.06558216214520277,k 783
-0.6631769121709904,k 784
0.7124833343205772,k 785
-1.097020105266736,k 786
0.7241623740312915,k 787
-0.032899975775995995,k 788
0.11361818027209675,k 789
-1.2279047296447654,k 79
0.6903139350555352,k 790
0.570162145263323,k 791
-1.0749324794493904,k 792
-1.2458492675808317,k 793
0.6407300350618816,k 794
-1.965972420358634,k 795
0.6868522220615124,k 796
-0.8103077959263753,k 797
0.464511173114736,k 798
0.6596186459959982,k 799
0.03774487111260339,k 8
0.6875988546968917,k 80
-1.844275799490661,k 800
0.7241623740312915,k 801
-1.5882664267217286,k 802
0.6903139350555352,k 803
-1.2108410492450492,k 804
0.6868522220615124,k 805
0.648578152859715,k 806
0.5348296490146341,k 807
0.7241623740312915,k 808
0.698903221539744,k 809
-1.869614795624356,k 81
-0.25784166175109496,k 810
0.7241623740312915,k 811
0.6469647079365067,k 812
-1.4588561019169184,k 813
0.7241623740312915,k 814
0.13527773799073725,k 815
0.6674187093656172,k 816
-1.1886331019117635,k 817
-1.393163505538248,k 818
-0.5995692797735199,k 819
0.8032349437110425,k 82
-0.43620746807090927,k 820
-1.3940116604027672,k 821
0.13527773799073725,k 822
0.7241623740312915,k 823
0.6613264868975004,k 824
0.6793280377572557,k 825
-1.378199653899873,k 826
-1.045447472581613,k 827
-0.24486815459543385,k 828
-0.22401470853478656,k 829
0.2515456954419401,k 83
0.646040193075935,k 830
0.7241623740312915,k 831
-0.497382314847747,k 832
-1.3588949463324649,k 833
-1.4074970386607626,k 834
0.673044141783192,k 835
0.7070559183798156,k 836
0.6840240747316324,k 837
0.6509606644743777,k 838
-0.4382650938104178,k 839
-1.3836499709308134,k 84
0.6956480972822023,k 840
-0.9380846843880722,k 841
-0.16031952716992973,k 842
-0.7866353785484891,k 843
0.0789563350169626,k 844
0.7241623740312915,k 845
-0.15191329404195494,k 846
-0.2815206657556392,k 847
-1.7584904498456435,k 848
-0.5849185070228875,k 849
0.6903139350555352,k 85
-0.14395244255437514,k 850
-1.3993939358495864,k 851
-1.3578249678042844,k 852
-0.542807263574947,k 853
-1.199561789503272,k 854
0.30993411999804826,k 855
0.678075268641807,k 856
0.6914250512490544,k 857
0.6516771149877053,k 858
-1.9034644509891812,k 859
-2.0605609875428144,k 86
0.10646723579429107,k 860
-1.654906180718855,k 861
-0.5914541219278079,k 862
-0.20702254163090128,k 863
0.713156847222526,k 864
-0.7543602171860528,k 865
0.7096531533190851,k 866
0.055257932908764046,k 867
-1.7386797346311733,k 868
0.7118984413331825,k 869
0.7096531533190851,k 87
0.7241623740312915,k 870
0.015640954168773362,k 871
-1.645790069307673,k 872
-0.49856068802946474,k 873
-0.8286988613471691,k 874
-0.6180962227929769,k 875
-1.2396584789831069,k 876
-0.5569622725685309,k 877
0.6903139350555352,k 878
-1.762439815084903,k 879
0.2597596302601422,k 88
0.17949817159425793,k 880
0.6596186459959982,k 881
-0.3739282137634308,k 882
0.6967002141255161,k 883
-1.5798721932162356,k 884
-1.6602811147449568,k 885
0.7241623740312915,k 886
-1.0421871396303077,k 887
-1.1046204233757086,k 888
0.6698298485003953,k 889
0.6802727753832112,k 89
0.7096531533190851,k 890
0.5975993669658606,k 891
-1.1597087712444836,k 892
-0.6281260109485527,k 893
0.6613264868975004,k 894
-0.7904370811570626,k 895
0.7241623740312915,k 896
-1.35144963831331,k 897
-1.1249611622597309,k 898
-1.0187024242810505,k 899
-1.0594806516187634,k 9
-0.542807263574947,k 90
0.6903139350555352,k 900
0.5813651491191937,k 901
-1.9189665403980376,k 902
0.04941837627509572,k 903
-1.1923057835599347,k 904
0.6136063688296328,k 905
-0.997602266768629,k 906
0.650244695125808,k 907
-1.7478829928558208,k 908
0.6197813946172073,k 909
0.6052670884549788,k 91
-1.293533241711033,k 910
0.7241623740312915,k 911
0.698903221539744,k 912
-1.0153946218159602,k 913
-1.0777872602163157,k 914
-1.1665705700776556,k 915
-0.4639583040326824,k 916
0.647486305206922,k 917
-0.8675223317061042,k 918
0.12029088496446441,k 919
-0.1337214416548546,k 92
0.7241623740312915,k 920
-0.7661590700633603,k 921
0.6914250512490544,k 922
-1.0012014082265652,k 923
0.04258490071458511,k 924
-1.066754469371255,k 925
-0.9552406635896807,k 926
-0.9709559073243385,k 927
0.6967002141255161,k 928
-0.7803039711057862,k 929
-0.544325551455902,k 93
-0.7688700786388404,k 930
0.7241623740312915,k 931
-1.240329524814529,k 932
0.678075268641807,k 933
-0.6507994932728964,k 934
-0.38371852816573626,k 935
0.7241623740312915,k 936
-0.9836996448752117,k 937
0.7068926858901321,k 938
-0.024244322763267795,k 939
0.5947926493060788,k 94
0.7241623740312915,k 940
0.6903139350555352,k 941
-1.4007758640509227,k 942
0.6569669083778095,k 943
-1.0729777112140064,k 944
-0.7843727005939269,k 945
0.6967002141255161,k 946
0.5954622826366262,k 947
0.6274386111990209,k 948
0.698903221539744,k 949
0.7887854563599496,k 95
-1.048177899559082,k 950
0.21352168373075722,k 951
0.6639921018938089,k 952
-1.4690321708506082,k 953
-1.2776943020493183,k 954
-1.3979871234871457,k 955
0.5198478829533415,k 956
-1.10744162767718,k 957
0.7241623740312915,k 958
-1.2956742581692278,k 959
-0.7719699438807391,k 96
0.5168864986683938,k 960
0.7241623740312915,k 961
-1.0387217704338498,k 962
-0.668767328668404,k 963
0.4375741283684569,k 964
0.15466292143009205,k 965
0.06232585790426535,k 966
0.6593953628062295,k 967
-1.166700420681581,k 968
-0.5914541219278079,k 969
-0.8953084706898065,k 97
-0.7026553501395328,k 970
-0.07272502696010577,k 971
-0.3883333692202389,k 972
0.6717317057958037,k 973
0.599645189984989,k 974
0.6665930539249506,k 975
0.7241623740312915,k 976
-0.9956668013211113,k 977
0.6362897704610526,k 978
0.6569669083778095,k 979
-1.7510626749739697,k 98
0.6914250512490544,k 980
-0.48204655838585025,k 981
-0.5808384276142287,k 982
0.698903221539744,k 983
-1.863260344275179,k 984
0.6373750739443834,k 985
0.6914250512490544,k 986
0.6870552734383236,k 987
-0.7439832807330653,k 988
0.14325311925142487,k 989
0.12029088496446441,k 99
0.7241623740312915,k 990
0.5796391430951019,k 991
-0.6367179955542555,k 992
-1.365464080337241,k 993
0.6673907768726528,k 994
-1.4903036203827962,k 995
-1.2804975352169428,k 996
-1.454665065306761,k 997
-1.7186963749040167,k 998
-1.3761982445133116,k 999
